epoch,sample_id,semantic_length,padded_length,position_shift,codec_ce,mean_accuracy,q0_accuracy,residual_accuracy,ar_mean_accuracy,ar_q0_accuracy
10,ulsan_000006,17,17,0,5.879927098751068,0.0494791679084301,0.1666666716337204,0.0416666679084301,0.0052083334885537624,0.02083333395421505
10,ulsan_000006,17,24,7,5.88023316860199,0.05078125,0.1666666716337204,0.04305555671453476,0.01171875,0.0833333358168602
10,ulsan_000006,17,36,19,5.881103307008743,0.0494791679084301,0.1666666716337204,0.0416666679084301,0.0052083334885537624,0.02083333395421505
10,ulsan_000006,17,48,31,5.877784878015518,0.0494791679084301,0.1666666716337204,0.0416666679084301,0.0065104165114462376,0.02083333395421505
10,ulsan_001200,38,38,0,6.357788503170013,0.029560811817646027,0.0810810849070549,0.026126127690076828,0.012668918818235397,0.04054053872823715
10,ulsan_001200,38,48,10,6.353430867195129,0.030405405908823013,0.0810810849070549,0.027027027681469917,0.012668918818235397,0.04054053872823715
10,ulsan_002358,18,18,0,6.214818388223648,0.04755434766411781,0.1304347813129425,0.04202898591756821,0.016304347664117813,0.021739130839705467
10,ulsan_002358,18,24,6,6.2083644568920135,0.052989132702350616,0.17391304671764374,0.04492753744125366,0.01222826074808836,0.021739130839705467
10,ulsan_002358,18,36,18,6.207921504974365,0.050271738320589066,0.15217392146587372,0.043478261679410934,0.01222826074808836,0.021739130839705467
10,ulsan_002358,18,48,30,6.210384339094162,0.04891304299235344,0.1304347813129425,0.043478261679410934,0.01222826074808836,0.021739130839705467
10,ulsan_003467,6,6,0,5.817051082849503,0.08125000447034836,0.15000000596046448,0.07666666805744171,0.01875000074505806,0.05000000074505806
10,ulsan_003467,6,24,18,5.786888912320137,0.07187499850988388,0.15000000596046448,0.06666667014360428,0.01875000074505806,0.05000000074505806
10,ulsan_003467,6,36,30,5.78404937684536,0.078125,0.15000000596046448,0.07333333790302277,0.01875000074505806,0.05000000074505806
10,ulsan_003467,6,48,42,5.784293115139008,0.07187499850988388,0.15000000596046448,0.06666667014360428,0.02500000037252903,0.05000000074505806
10,ulsan_004340,18,18,0,5.38264474272728,0.11968084424734116,0.10638297349214554,0.12056737393140793,0.05452127754688263,0.10638298094272614
10,ulsan_004340,18,24,6,5.3773923218250275,0.11702127009630203,0.10638297349214554,0.11773049086332321,0.05452127754688263,0.10638298094272614
10,ulsan_004340,18,36,18,5.379368931055069,0.1183510571718216,0.12765957415103912,0.11773049086332321,0.05452127754688263,0.10638298094272614
10,ulsan_004340,18,48,30,5.376006662845612,0.12101063132286072,0.12765957415103912,0.12056737393140793,0.05452127754688263,0.10638298094272614
10,ulsan_005296,5,5,0,5.522918462753296,0.09210526198148727,0.15789473056793213,0.08771929889917374,0.01315789483487606,0.05263157933950424
10,ulsan_005296,5,24,19,5.494466185569763,0.11184210330247879,0.31578946113586426,0.09824561327695847,0.03947368264198303,0.05263157933950424
10,ulsan_005296,5,36,31,5.501412481069565,0.10855263471603394,0.2631579041481018,0.09824561327695847,0.03947368264198303,0.05263157933950424
10,ulsan_005296,5,48,43,5.504777491092682,0.10526315867900848,0.2631579041481018,0.09473684430122375,0.03947368264198303,0.05263157933950424
10,ulsan_006119,4,4,0,5.8061769008636475,0.0773809552192688,0.190476194024086,0.06984127312898636,0.01785714365541935,0.0476190485060215
10,ulsan_006119,4,24,20,5.803266137838364,0.0714285746216774,0.190476194024086,0.0634920671582222,0.01785714365541935,0.0476190485060215
10,ulsan_006119,4,36,32,5.802739202976227,0.0684523805975914,0.190476194024086,0.06031746044754982,0.01785714365541935,0.0476190485060215
10,ulsan_006119,4,48,44,5.803873270750046,0.0744047611951828,0.190476194024086,0.06666667014360428,0.01785714365541935,0.0476190485060215
10,ulsan_006938,32,32,0,6.206741750240326,0.04545454680919647,0.1931818276643753,0.035606060177087784,0.007102272938936949,0.011363636702299118
10,ulsan_006938,32,36,4,6.205516695976257,0.046875,0.20454546809196472,0.036363635212183,0.004261363763362169,0.011363636702299118
10,ulsan_006938,32,48,16,6.206443607807159,0.04758523032069206,0.20454546809196472,0.037121210247278214,0.004261363763362169,0.011363636702299118
10,ulsan_007964,19,19,0,6.308120995759964,0.033203125,0.171875,0.02395833469927311,0.001953125,0.015625
10,ulsan_007964,19,24,5,6.312279552221298,0.033203125,0.171875,0.02395833469927311,0.001953125,0.015625
10,ulsan_007964,19,36,17,6.310767710208893,0.0341796875,0.1875,0.02395833469927311,0.0009765625,0.015625
10,ulsan_007964,19,48,29,6.307056248188019,0.0341796875,0.1875,0.02395833469927311,0.0009765625,0.015625
10,ulsan_008957,8,8,0,6.369023323059082,0.03804348036646843,0.043478261679410934,0.03768116235733032,0.016304347664117813,0.0
10,ulsan_008957,8,24,16,6.350139498710632,0.04076087102293968,0.08695652335882187,0.03768116235733032,0.010869565419852734,0.0
10,ulsan_008957,8,36,28,6.3521773517131805,0.03804348036646843,0.08695652335882187,0.03478261083364487,0.010869565419852734,0.0
10,ulsan_008957,8,48,40,6.351210385560989,0.03804348036646843,0.08695652335882187,0.03478261083364487,0.010869565419852734,0.0
10,ulsan_009812,7,7,0,5.9928175657987595,0.06540697813034058,0.27906978130340576,0.05116279050707817,0.01744186133146286,0.04651162773370743
10,ulsan_009812,7,24,17,5.987821638584137,0.06540697813034058,0.25581395626068115,0.05271317809820175,0.024709302932024002,0.04651162773370743
10,ulsan_009812,7,36,29,5.991670459508896,0.06686046719551086,0.25581395626068115,0.05426356568932533,0.024709302932024002,0.04651162773370743
10,ulsan_009812,7,48,41,5.989957764744759,0.06686046719551086,0.25581395626068115,0.05426356568932533,0.024709302932024002,0.04651162773370743
10,ulsan_010822,8,8,0,4.5809599459171295,0.2388392984867096,0.25,0.2380952537059784,0.1294642835855484,0.1071428582072258
10,ulsan_010822,8,24,16,4.583824172616005,0.2366071492433548,0.25,0.23571430146694183,0.1316964328289032,0.1071428582072258
10,ulsan_010822,8,36,28,4.582901239395142,0.2410714328289032,0.2857142984867096,0.2380952537059784,0.1316964328289032,0.1071428582072258
10,ulsan_010822,8,48,40,4.579556092619896,0.2388392984867096,0.2857142984867096,0.23571430146694183,0.1316964328289032,0.1071428582072258
10,ulsan_011698,20,20,0,6.735401749610901,0.030405405908823013,0.13513514399528503,0.02342342399060726,0.013513513840734959,0.027027027681469917
10,ulsan_011698,20,24,4,6.73499858379364,0.030405405908823013,0.13513514399528503,0.02342342399060726,0.013513513840734959,0.027027027681469917
10,ulsan_011698,20,36,16,6.732983559370041,0.030405405908823013,0.13513514399528503,0.02342342399060726,0.013513513840734959,0.027027027681469917
10,ulsan_011698,20,48,28,6.735542714595795,0.030405405908823013,0.13513514399528503,0.02342342399060726,0.013513513840734959,0.027027027681469917
10,ulsan_012631,21,21,0,4.528383120894432,0.25390625,0.2708333432674408,0.2527777850627899,0.1354166716337204,0.0625
10,ulsan_012631,21,24,3,4.527419209480286,0.2526041865348816,0.2708333432674408,0.25138890743255615,0.1328125,0.0625
10,ulsan_012631,21,36,15,4.5288898050785065,0.2552083432674408,0.2708333432674408,0.2541666626930237,0.1315104216337204,0.0625
10,ulsan_012631,21,48,27,4.525480151176453,0.2578125,0.2708333432674408,0.2569444477558136,0.1354166716337204,0.0625
10,ulsan_013695,12,12,0,5.9221005737781525,0.06964285671710968,0.17142857611179352,0.06285714358091354,0.01785714365541935,0.11428571492433548
10,ulsan_013695,12,24,12,5.914878100156784,0.07678571343421936,0.20000000298023224,0.06857142597436905,0.01964285783469677,0.11428571492433548
10,ulsan_013695,12,36,24,5.914957016706467,0.07500000298023224,0.20000000298023224,0.06666666269302368,0.02678571455180645,0.11428571492433548
10,ulsan_013695,12,48,36,5.914294451475143,0.07678571343421936,0.20000000298023224,0.06857142597436905,0.03392857313156128,0.11428571492433548
10,ulsan_014611,10,10,0,6.425038531422615,0.02976190485060215,0.190476194024086,0.01904761977493763,0.0059523810632526875,0.0476190485060215
10,ulsan_014611,10,24,14,6.426126092672348,0.032738097012043,0.190476194024086,0.02222222276031971,0.0059523810632526875,0.0476190485060215
10,ulsan_014611,10,36,26,6.427825406193733,0.02976190485060215,0.190476194024086,0.01904761977493763,0.0059523810632526875,0.0476190485060215
10,ulsan_014611,10,48,38,6.42181770503521,0.02976190485060215,0.190476194024086,0.01904761977493763,0.0059523810632526875,0.0476190485060215
10,ulsan_015464,24,24,0,5.90318588912487,0.06404320895671844,0.3086419701576233,0.047736626118421555,0.0069444444961845875,0.012345679104328156
10,ulsan_015464,24,36,12,5.9046483635902405,0.06558641791343689,0.29629629850387573,0.05020575970411301,0.0069444444961845875,0.012345679104328156
10,ulsan_015464,24,48,24,5.903748035430908,0.06172839552164078,0.29629629850387573,0.04609053581953049,0.006172839552164078,0.012345679104328156
10,ulsan_016385,10,10,0,6.092565253376961,0.04076087102293968,0.260869562625885,0.02608695812523365,0.0013586956774815917,0.021739130839705467
10,ulsan_016385,10,24,14,6.100233241915703,0.03532608598470688,0.21739131212234497,0.023188406601548195,0.0013586956774815917,0.021739130839705467
10,ulsan_016385,10,36,26,6.103772073984146,0.03532608598470688,0.239130437374115,0.021739130839705467,0.0013586956774815917,0.021739130839705467
10,ulsan_016385,10,48,38,6.1039978712797165,0.032608695328235626,0.21739131212234497,0.02028985507786274,0.0013586956774815917,0.021739130839705467
10,ulsan_017386,30,30,0,6.345066785812378,0.024364406242966652,0.08474576473236084,0.020338984206318855,0.0021186440717428923,0.033898305147886276
10,ulsan_017386,30,36,6,6.347745031118393,0.02330508455634117,0.08474576473236084,0.019209040328860283,0.006355931982398033,0.033898305147886276
10,ulsan_017386,30,48,18,6.344370603561401,0.026483051478862762,0.08474576473236084,0.02259887009859085,0.0052966102957725525,0.033898305147886276
10,ulsan_018314,13,13,0,6.239890962839127,0.04531250149011612,0.20000000298023224,0.03500000014901161,0.004687500186264515,0.02500000037252903
10,ulsan_018314,13,24,11,6.24741318821907,0.046875,0.20000000298023224,0.03666666895151138,0.004687500186264515,0.02500000037252903
10,ulsan_018314,13,36,23,6.2496611177921295,0.04531250149011612,0.20000000298023224,0.03500000014901161,0.004687500186264515,0.02500000037252903
10,ulsan_018314,13,48,35,6.247651278972626,0.046875,0.20000000298023224,0.03666666895151138,0.004687500186264515,0.02500000037252903
10,ulsan_019427,22,22,0,6.4807941019535065,0.03443877398967743,0.16326530277729034,0.025850340723991394,,
10,ulsan_019427,22,24,2,6.476808577775955,0.03698979690670967,0.18367347121238708,0.027210883796215057,,
10,ulsan_019427,22,36,14,6.4797722697258,0.03826530650258064,0.18367347121238708,0.02857142873108387,,
10,ulsan_019427,22,48,26,6.479206830263138,0.03698979690670967,0.20408162474632263,0.025850340723991394,,
10,ulsan_020424,31,31,0,6.249932020902634,0.0373263880610466,0.1388888955116272,0.03055555559694767,,
10,ulsan_020424,31,36,5,6.2457254230976105,0.0373263880610466,0.1111111119389534,0.032407406717538834,,
10,ulsan_020424,31,48,17,6.248296648263931,0.0364583320915699,0.125,0.03055555559694767,,
10,ulsan_021298,17,17,0,6.033233493566513,0.0491071455180645,0.261904776096344,0.03492063656449318,,
10,ulsan_021298,17,24,7,6.030672371387482,0.0476190485060215,0.261904776096344,0.03333333507180214,,
10,ulsan_021298,17,36,19,6.03142836689949,0.0476190485060215,0.261904776096344,0.03333333507180214,,
10,ulsan_021298,17,48,31,6.030202478170395,0.0461309514939785,0.261904776096344,0.0317460335791111,,
10,ulsan_022223,4,4,0,6.257857263088226,0.03125,0.3333333432674408,0.01111111044883728,,
10,ulsan_022223,4,24,20,6.203906029462814,0.0416666679084301,0.3333333432674408,0.02222222089767456,,
10,ulsan_022223,4,36,32,6.204852283000946,0.0381944440305233,0.2777777910232544,0.02222222089767456,,
10,ulsan_022223,4,48,44,6.207462519407272,0.0416666679084301,0.3333333432674408,0.02222222089767456,,
10,ulsan_023197,27,27,0,6.758392035961151,0.03125,0.1190476194024086,0.02539682574570179,,
10,ulsan_023197,27,36,9,6.754394888877869,0.03125,0.1190476194024086,0.02539682574570179,,
10,ulsan_023197,27,48,21,6.7485969960689545,0.0282738097012043,0.1190476194024086,0.02222222276031971,,
10,ulsan_024066,39,39,0,6.354359537363052,0.03304597735404968,0.10344827175140381,0.028352491557598114,,
10,ulsan_024066,39,48,9,6.353928089141846,0.03448275849223137,0.09195402264595032,0.030651342123746872,,
10,ulsan_024866,21,21,0,5.723027050495148,0.07880435138940811,0.1304347813129425,0.07536232471466064,,
10,ulsan_024866,21,24,3,5.726383537054062,0.08423913270235062,0.1304347813129425,0.08115942031145096,,
10,ulsan_024866,21,36,15,5.726915270090103,0.08423913270235062,0.1304347813129425,0.08115942031145096,,
10,ulsan_024866,21,48,27,5.722495764493942,0.08288043737411499,0.1304347813129425,0.07971014827489853,,
10,ulsan_025752,21,21,0,5.735607206821442,0.06372549384832382,0.1568627506494522,0.05751634016633034,,
10,ulsan_025752,21,24,3,5.7335982620716095,0.06372549384832382,0.1568627506494522,0.05751634016633034,,
10,ulsan_025752,21,36,15,5.736268639564514,0.06495098024606705,0.1568627506494522,0.05882352963089943,,
10,ulsan_025752,21,48,27,5.73452952504158,0.06372549384832382,0.1568627506494522,0.05751634016633034,,
10,ulsan_026807,20,20,0,6.165937125682831,0.0791015625,0.1875,0.07187500596046448,,
10,ulsan_026807,20,24,4,6.166508764028549,0.0771484375,0.1875,0.06979166716337204,,
10,ulsan_026807,20,36,16,6.166002601385117,0.078125,0.1875,0.07083334028720856,,
10,ulsan_026807,20,48,28,6.165695488452911,0.0810546875,0.1875,0.07395833730697632,,
10,ulsan_027684,9,9,0,6.028095752000809,0.05000000074505806,0.11428571492433548,0.04571428522467613,,
10,ulsan_027684,9,24,15,6.012380093336105,0.05178571492433548,0.11428571492433548,0.0476190485060215,,
10,ulsan_027684,9,36,27,6.013272404670715,0.05535714328289032,0.1428571492433548,0.04952380806207657,,
10,ulsan_027684,9,48,39,6.0130535364151,0.05000000074505806,0.08571428805589676,0.0476190485060215,,
