sample_id,speaker,other_id,mode,codec_ce,mean_accuracy,q0_accuracy,residual_accuracy,q0_ce,residual_ce,mean_abs_logit_diff,kl_from_correct
ulsan_019127,DKSR20001507_2,ulsan_019128,correct,4.012345343828201,0.23255813121795654,0.6511628031730652,0.20465116202831268,1.060560941696167,4.209130970637004,0.0,0.0
ulsan_019127,DKSR20001507_2,ulsan_019128,zero,4.874712884426117,0.16569767892360687,0.44186046719551086,0.1472868174314499,2.8591368198394775,5.0090846220652265,0.8377294540405273,0.6705753207206726
ulsan_019127,DKSR20001507_2,ulsan_019128,random,5.157748907804489,0.1497092992067337,0.4883720874786377,0.12713178992271423,3.4461495876312256,5.271855529149374,1.0168451070785522,0.9664424657821655
ulsan_019127,DKSR20001507_2,ulsan_019128,shuffled,4.038469225168228,0.23982557654380798,0.6976743936538696,0.20930232107639313,1.0892868041992188,4.235081386566162,0.15096953511238098,0.021894237026572227
ulsan_025113,DKSR20001156_1,ulsan_025116,correct,2.712736576795578,0.47265625,0.6500000357627869,0.460833340883255,1.535352110862732,2.7912288745244345,0.0,0.0
ulsan_025113,DKSR20001156_1,ulsan_025116,zero,3.225470557808876,0.4046874940395355,0.4375,0.4025000035762787,2.423400402069092,3.2789419015248615,0.7246158123016357,0.416954904794693
ulsan_025113,DKSR20001156_1,ulsan_025116,random,3.4127054512500763,0.35859376192092896,0.3499999940395355,0.35916668176651,2.7811777591705322,3.4548072973887125,0.8849189877510071,0.5939021110534668
ulsan_025113,DKSR20001156_1,ulsan_025116,shuffled,2.751281790435314,0.4671874940395355,0.625,0.4566666781902313,1.6272083520889282,2.8262200196584066,0.19635310769081116,0.03511058911681175
ulsan_025423,DKSR20000974_1,ulsan_025422,correct,4.602350145578384,0.19999998807907104,0.5454545021057129,0.17696969211101532,1.971123456954956,4.77776525815328,0.0,0.0
ulsan_025423,DKSR20000974_1,ulsan_025422,zero,5.529244422912598,0.10568181425333023,0.30909091234207153,0.09212121367454529,3.482192277908325,5.665714565912882,0.9193217158317566,0.756575882434845
ulsan_025423,DKSR20000974_1,ulsan_025422,random,5.986226290464401,0.05681817978620529,0.09090908616781235,0.05454545468091965,4.968270778656006,6.054089991251628,1.168402910232544,1.1824826002120972
ulsan_025423,DKSR20000974_1,ulsan_025422,shuffled,4.73773692548275,0.18068180978298187,0.5090909004211426,0.15878787636756897,2.1065094470977783,4.913152090708414,0.32455548644065857,0.1002572774887085
ulsan_015661,DKSR20001202_2,ulsan_015660,correct,4.525450721383095,0.18175287544727325,0.540229856967926,0.15785440802574158,1.87373685836792,4.7022316455841064,0.0,0.0
ulsan_015661,DKSR20001202_2,ulsan_015660,zero,5.49021078646183,0.08836206793785095,0.18390804529190063,0.08199233561754227,3.949223756790161,5.592943255106608,0.9841548800468445,0.8472433686256409
ulsan_015661,DKSR20001202_2,ulsan_015660,random,5.925970494747162,0.07543103396892548,0.2298850566148758,0.06513410061597824,3.9485034942626953,6.057801628112793,1.1849404573440552,1.1875542402267456
ulsan_015661,DKSR20001202_2,ulsan_015660,shuffled,4.588422790169716,0.17528735101222992,0.5057471394538879,0.15325671434402466,2.0395143032073975,4.758350022633871,0.2324046790599823,0.049315184354782104
ulsan_027160,DKSR20000980_2,ulsan_027158,correct,3.5669382140040398,0.3254310190677643,0.7126436829566956,0.29961687326431274,1.4852532148361206,3.7057172139485677,0.0,0.0
ulsan_027160,DKSR20000980_2,ulsan_027158,zero,4.461891144514084,0.2176724076271057,0.41379308700561523,0.20459771156311035,3.206728219985962,4.545568672815959,0.8780755400657654,0.7019547820091248
ulsan_027160,DKSR20000980_2,ulsan_027158,random,4.718942120671272,0.1989942491054535,0.3103448152542114,0.19157087802886963,3.6728949546813965,4.788678598403931,1.0393363237380981,0.9324495792388916
ulsan_027160,DKSR20000980_2,ulsan_027158,shuffled,3.5958353132009506,0.3232758641242981,0.7241379022598267,0.29655173420906067,1.5360829830169678,3.733152135213216,0.14866234362125397,0.01965216174721718
ulsan_002146,DKSR20001144_1,ulsan_002144,correct,4.4377573654055595,0.20096154510974884,0.6307692527770996,0.17230768501758575,1.5616580247879028,4.6294973214467365,0.0,0.0
ulsan_002146,DKSR20001144_1,ulsan_002144,zero,5.4519107192754745,0.11249999701976776,0.3076923191547394,0.09948717802762985,4.216982841491699,5.53423924446106,0.9800780415534973,0.8837847709655762
ulsan_002146,DKSR20001144_1,ulsan_002144,random,6.1029165387153625,0.07596153765916824,0.2153846174478531,0.06666666269302368,6.244763374328613,6.0934600830078125,1.2850171327590942,1.490286111831665
ulsan_002146,DKSR20001144_1,ulsan_002144,shuffled,4.510541491210461,0.19519230723381042,0.5384615659713745,0.17230768501758575,1.7515925168991089,4.694471422831217,0.21282166242599487,0.04901127144694328
ulsan_001213,DKSR20001094_2,ulsan_001208,correct,4.330398544669151,0.20588235557079315,0.47058823704719543,0.1882353127002716,2.572706699371338,4.447578001022339,0.0,0.0
ulsan_001213,DKSR20001094_2,ulsan_001208,zero,5.36933821439743,0.11764705926179886,0.29411765933036804,0.10588236153125763,4.618709087371826,5.4193801561991375,1.0192787647247314,0.8890140056610107
ulsan_001213,DKSR20001094_2,ulsan_001208,random,5.602081686258316,0.11397058516740799,0.23529411852359772,0.10588236153125763,5.127974510192871,5.633688831329346,1.1194133758544922,1.0392941236495972
ulsan_001213,DKSR20001094_2,ulsan_001208,shuffled,4.419666573405266,0.1985294073820114,0.529411792755127,0.1764705926179886,2.433852195739746,4.552054198582967,0.2898336946964264,0.07900716364383698
ulsan_020005,DKSR20001510_1,ulsan_020001,correct,4.773197427392006,0.171875,0.390625,0.15729168057441711,2.434805393218994,4.929090229670207,0.0,0.0
ulsan_020005,DKSR20001510_1,ulsan_020001,zero,5.697074204683304,0.078125,0.171875,0.07187500596046448,4.50380802154541,5.776625283559164,0.9194622039794922,0.7694112062454224
ulsan_020005,DKSR20001510_1,ulsan_020001,random,5.970612198114395,0.060546875,0.125,0.05625000223517418,5.501785755157471,6.001867294311523,1.0940618515014648,1.0566949844360352
ulsan_020005,DKSR20001510_1,ulsan_020001,shuffled,4.81822469830513,0.158203125,0.359375,0.14479167759418488,2.6065759658813477,4.965667947133382,0.22168706357479095,0.04811421409249306
ulsan_020531,DKSR20001512_2,ulsan_020527,correct,4.319704987108707,0.204861119389534,0.5833333134651184,0.1796296238899231,1.604948878288269,4.500688727696737,0.0,0.0
ulsan_020531,DKSR20001512_2,ulsan_020527,zero,5.226731687784195,0.1215277761220932,0.3611111044883728,0.10555555671453476,3.930650472640991,5.313137102127075,0.9194185733795166,0.7896711826324463
ulsan_020531,DKSR20001512_2,ulsan_020527,random,5.568807780742645,0.1041666641831398,0.3055555522441864,0.09074074029922485,4.358110427856445,5.649520937601725,1.094877004623413,1.0641217231750488
ulsan_020531,DKSR20001512_2,ulsan_020527,shuffled,4.404419027268887,0.1822916716337204,0.5277777910232544,0.15925925970077515,1.6962262392044067,4.584965213139852,0.249179869890213,0.05716942623257637
ulsan_022415,DKSR20001570_1,ulsan_022381,correct,4.373599246144295,0.19680850207805634,0.5319148898124695,0.17446808516979218,1.880061388015747,4.539835103352865,0.0,0.0
ulsan_022415,DKSR20001570_1,ulsan_022381,zero,5.350346952676773,0.09973403811454773,0.23404254019260406,0.09078013896942139,3.5287890434265137,5.47178414662679,0.9149157404899597,0.7498555183410645
ulsan_022415,DKSR20001570_1,ulsan_022381,random,5.867320388555527,0.0731382966041565,0.1702127605676651,0.06666666269302368,4.830943584442139,5.936412175496419,1.1846566200256348,1.205201268196106
ulsan_022415,DKSR20001570_1,ulsan_022381,shuffled,4.446709915995598,0.1914893537759781,0.5106382966041565,0.1702127605676651,1.974604845046997,4.611516920725505,0.22728919982910156,0.05210056155920029
ulsan_023618,DKSR20000957_2,ulsan_023611,correct,3.9942341670393944,0.2671568691730499,0.7843137383460999,0.23267973959445953,1.3162482976913452,4.172766558329264,0.0,0.0
ulsan_023618,DKSR20000957_2,ulsan_023611,zero,4.933229953050613,0.15196079015731812,0.29411765933036804,0.1424836665391922,4.0852460861206055,4.989762210845948,0.903225302696228,0.7956128716468811
ulsan_023618,DKSR20000957_2,ulsan_023611,random,5.3611622750759125,0.10906863212585449,0.21568627655506134,0.10196078568696976,4.915383338928223,5.390880870819092,1.112131118774414,1.1333907842636108
ulsan_023618,DKSR20000957_2,ulsan_023611,shuffled,4.043409705162048,0.25367647409439087,0.6666666865348816,0.22614379227161407,1.3894290924072266,4.2203417460123696,0.19991759955883026,0.04392080381512642
ulsan_011059,DKSR20001609_1,ulsan_011033,correct,3.861256390810013,0.3056640625,0.6875,0.2802083492279053,1.3617527484893799,4.027889966964722,0.0,0.0
ulsan_011059,DKSR20001609_1,ulsan_011033,zero,4.722550868988037,0.216796875,0.328125,0.20937500894069672,3.254544734954834,4.82041794459025,0.9043533802032471,0.7112825512886047
ulsan_011059,DKSR20001609_1,ulsan_011033,random,4.886183604598045,0.201171875,0.328125,0.1927083432674408,3.5803332328796387,4.973240296045939,0.9858163595199585,0.8681390285491943
ulsan_011059,DKSR20001609_1,ulsan_011033,shuffled,3.9516961574554443,0.296875,0.65625,0.27291667461395264,1.5626273155212402,4.110967413584391,0.278498113155365,0.07287038862705231
ulsan_008211,DKSR20001413_2,ulsan_008196,correct,3.5816610455513,0.3107142746448517,0.6000000238418579,0.2914285659790039,1.3522005081176758,3.730291748046875,0.0,0.0
ulsan_008211,DKSR20001413_2,ulsan_008196,zero,4.3203336745500565,0.23749999701976776,0.3285714387893677,0.23142856359481812,3.2078282833099365,4.394500700632731,0.7956061363220215,0.632838785648346
ulsan_008211,DKSR20001413_2,ulsan_008196,random,4.544483035802841,0.21339285373687744,0.2571428716182709,0.21047618985176086,3.459925651550293,4.616786861419678,0.9737315773963928,0.8627789616584778
ulsan_008211,DKSR20001413_2,ulsan_008196,shuffled,3.6890745609998703,0.2919642925262451,0.5857142806053162,0.2723809480667114,1.5153250694274902,3.833991193771362,0.2821892201900482,0.07609845697879791
ulsan_024098,DKSR20000961_1,ulsan_024045,correct,4.261815994977951,0.2109375,0.46875,0.19375000894069672,2.2509307861328125,4.39587500890096,0.0,0.0
ulsan_024098,DKSR20000961_1,ulsan_024045,zero,5.242101699113846,0.09765625,0.171875,0.09270834177732468,4.721940040588379,5.276779143015544,0.9348346590995789,0.8065317869186401
ulsan_024098,DKSR20000961_1,ulsan_024045,random,5.830532252788544,0.0830078125,0.125,0.08020833879709244,6.213033199310303,5.805032189687093,1.2110704183578491,1.2971811294555664
ulsan_024098,DKSR20000961_1,ulsan_024045,shuffled,4.349330052733421,0.193359375,0.390625,0.18020834028720856,2.4639031887054443,4.475025177001953,0.268862783908844,0.0738563984632492
ulsan_017636,DKSR20001288_2,ulsan_017614,correct,4.0806784108281136,0.24399039149284363,0.634615421295166,0.21794871985912323,1.7921491861343384,4.233247025807699,0.0,0.0
ulsan_017636,DKSR20001288_2,ulsan_017614,zero,5.143671989440918,0.125,0.2884615361690521,0.1141025647521019,4.102110862731934,5.213109397888184,0.9649074077606201,0.8764317035675049
ulsan_017636,DKSR20001288_2,ulsan_017614,random,5.541010558605194,0.09735577553510666,0.21153846383094788,0.08974359184503555,4.342167854309082,5.620933405558268,1.2076141834259033,1.3064653873443604
ulsan_017636,DKSR20001288_2,ulsan_017614,shuffled,4.138709791004658,0.24158655107021332,0.5961538553237915,0.21794871985912323,1.8482798337936401,4.2914051214853925,0.22231431305408478,0.04566021263599396
ulsan_002906,DKSR20001146_2,ulsan_002897,correct,3.934568464756012,0.2715517282485962,0.7241379022598267,0.24137930572032928,1.4613897800445557,4.099447043736776,0.0,0.0
ulsan_002906,DKSR20001146_2,ulsan_002897,zero,4.8526105880737305,0.1443965584039688,0.24137930572032928,0.13793103396892548,3.8382041454315186,4.920237684249878,0.8966039419174194,0.7374534010887146
ulsan_002906,DKSR20001146_2,ulsan_002897,random,5.364517241716385,0.13362069427967072,0.24137930572032928,0.12643678486347198,5.268929958343506,5.370889727274577,1.1519625186920166,1.179097056388855
ulsan_002906,DKSR20001146_2,ulsan_002897,shuffled,3.9942415356636047,0.24568966031074524,0.6551724076271057,0.2183908075094223,1.561765193939209,4.156406625111898,0.19008786976337433,0.033898089081048965
ulsan_004149,DKSR20001166_1,ulsan_004093,correct,4.198303930461407,0.21509739756584167,0.5454545617103577,0.1930736005306244,1.6604841947555542,4.367491912841797,0.0,0.0
ulsan_004149,DKSR20001166_1,ulsan_004093,zero,5.29419618844986,0.12662337720394135,0.2467532455921173,0.11861471831798553,4.211832523345947,5.366353766123454,1.0051498413085938,0.9359253644943237
ulsan_004149,DKSR20001166_1,ulsan_004093,random,5.534700304269791,0.10146103799343109,0.1818181872367859,0.09610389918088913,4.626011371612549,5.59527956644694,1.1295231580734253,1.1264907121658325
ulsan_004149,DKSR20001166_1,ulsan_004093,shuffled,4.294815018773079,0.2053571492433548,0.5454545617103577,0.18268398940563202,1.7848098278045654,4.46214869817098,0.2711288034915924,0.06646444648504257
ulsan_024564,DKSR20000962_1,ulsan_024533,correct,4.501877918839455,0.18482142686843872,0.5,0.16380952298641205,2.1136858463287354,4.661090723673502,0.0,0.0
ulsan_024564,DKSR20000962_1,ulsan_024533,zero,5.372613117098808,0.09910714626312256,0.2142857164144516,0.09142857044935226,3.935504198074341,5.468420378367106,0.9579709768295288,0.8002706170082092
ulsan_024564,DKSR20000962_1,ulsan_024533,random,5.920746922492981,0.07410714030265808,0.17142857611179352,0.06761904805898666,4.9280595779418945,5.986926078796387,1.217781662940979,1.2878823280334473
ulsan_024564,DKSR20000962_1,ulsan_024533,shuffled,4.557427257299423,0.17589285969734192,0.44285714626312256,0.15809524059295654,2.1488561630249023,4.717998663584392,0.2212681770324707,0.043856292963027954
ulsan_001001,DKSR20000960_2,ulsan_000991,correct,4.132519885897636,0.2425595223903656,0.7142857313156128,0.21111111342906952,1.4571645259857178,4.310876909891764,0.0,0.0
ulsan_001001,DKSR20000960_2,ulsan_000991,zero,5.294608309864998,0.092261902987957,0.261904776096344,0.08095238357782364,3.711080551147461,5.400176827112833,1.0272982120513916,0.9129898548126221
ulsan_001001,DKSR20000960_2,ulsan_000991,random,5.711877733469009,0.0907738134264946,0.3333333432674408,0.07460317760705948,4.266822338104248,5.80821475982666,1.2222644090652466,1.2900564670562744
ulsan_001001,DKSR20000960_2,ulsan_000991,shuffled,4.147445231676102,0.2380952388048172,0.6904761791229248,0.20793651044368744,1.5255320072174072,4.3222394466400145,0.15796945989131927,0.023381881415843964
ulsan_003299,DKSR20001147_2,ulsan_003267,correct,1.990420587360859,0.5810185074806213,0.7037037014961243,0.5728395581245422,1.4438889026641846,2.026856033007304,0.0,0.0
ulsan_003299,DKSR20001147_2,ulsan_003267,zero,2.563459075987339,0.5092592835426331,0.5185185074806213,0.5086420178413391,2.165013551712036,2.590022110939026,0.8651992678642273,0.5291588306427002
ulsan_003299,DKSR20001147_2,ulsan_003267,random,2.763426385819912,0.46064814925193787,0.29629629850387573,0.47160497307777405,3.3677477836608887,2.7231382926305137,0.9777547121047974,0.732242226600647
ulsan_003299,DKSR20001147_2,ulsan_003267,shuffled,2.0082713589072227,0.5763888955116272,0.7407407760620117,0.5654321312904358,1.4692999124526978,2.044202788670858,0.1147717759013176,0.011096250265836716
